Metric,Gate 30,Gate 40,Difference,p_value,Significant
retention_1,0.4481879194630872,0.44228274967574577,-0.005905169787341458,0.07440965529691912,No
retention_7,0.19020134228187918,0.18200004396667327,-0.008201298315205913,0.0015542499756142636,Yes
sum_gamerounds,52.45626398210291,51.29877552814966,-1.157488453953249,0.37592438409326223,No
