metric,metric_name,gate_30_value,gate_40_value,difference,difference_pp,test_statistic,p_value,significant_005,significant_010
retention_1,Day-1 Retention,44.81879194630872,44.22827496757458,-0.5905169787341435,-0.5905169787341458,-1.7840862247974725,0.07440965529691912,No,Yes
retention_7,Day-7 Retention,19.020134228187917,18.200004396667328,-0.8201298315205889,-0.8201298315205913,-3.164358912748191,0.0015542499756142636,Yes,Yes
sum_gamerounds,Avg Game Rounds,52.45626398210291,51.29877552814966,-1.157488453953249,,-0.8854374331270672,0.37592438409326223,No,No
