version,total_players,avg_gamerounds,std_gamerounds,median_gamerounds,retention_1_rate,retention_1_count,retention_7_rate,retention_7_count,retention_1_pct,retention_7_pct
gate_30,44700,52.45626398210291,256.7164231160407,17.0,0.4481879194630872,20034,0.19020134228187918,8502,44.81879194630872,19.020134228187917
gate_40,45489,51.29877552814966,103.29441621652809,16.0,0.44228274967574577,20119,0.18200004396667327,8279,44.22827496757458,18.200004396667328
